                  epoch,         train/box_loss,         train/seg_loss,         train/cls_loss,         train/dfl_loss,   metrics/precision(B),      metrics/recall(B),       metrics/mAP50(B),    metrics/mAP50-95(B),   metrics/precision(M),      metrics/recall(M),       metrics/mAP50(M),    metrics/mAP50-95(M),           val/box_loss,           val/seg_loss,           val/cls_loss,           val/dfl_loss,                 lr/pg0,                 lr/pg1,                 lr/pg2
                      1,                 2.1174,                 3.2952,                  2.879,                 1.3578,                0.04803,                0.65328,                0.15952,                0.06504,                0.04757,                0.64702,                0.16695,                0.07156,                 1.8073,                 3.1218,                 3.1932,                 1.2464,                0.00032,                0.00032,                0.00032
                      2,                 1.6781,                 2.3778,                 1.2646,                 1.0969,                0.04825,                 0.6563,                0.21838,                0.10498,                0.04929,                0.67034,                0.22128,                0.09807,                 1.8233,                 3.2854,                 2.8146,                 1.2228,             0.00065996,             0.00065996,             0.00065996
                      3,                 1.6277,                 2.2762,                 1.1344,                 1.0684,                 0.0601,                0.81736,                 0.5743,                0.21862,                0.05852,                0.79598,                 0.5619,                0.20511,                 1.8915,                 2.8054,                 2.6814,                 1.2967,             0.00099976,             0.00099976,             0.00099976
                      4,                 1.6216,                 2.2761,                 1.0786,                  1.081,                0.86076,                0.34166,                0.62414,                0.31974,                0.85659,                0.32837,                0.60176,                0.27119,                 1.7493,                 2.9436,                 2.3013,                 1.2164,              0.0013393,              0.0013393,              0.0013393
                      5,                 1.5952,                 2.2272,                 1.0438,                 1.0675,                0.88559,                0.52973,                0.74425,                0.36286,                0.86935,                0.52002,                0.71711,                0.31094,                 1.7791,                 3.1316,                 2.1625,                 1.1834,              0.0016784,              0.0016784,              0.0016784
                      6,                 1.6048,                 2.2117,                 1.0188,                 1.0778,                0.77586,                0.66062,                 0.7528,                0.37104,                0.76179,                0.63903,                 0.7203,                0.30544,                 1.8004,                 3.2039,                 1.4479,                 1.3094,              0.0019969,              0.0019969,              0.0019969
                      7,                 1.5974,                  2.205,                 1.0082,                 1.0724,                0.68017,                0.65975,                0.69062,                  0.323,                0.65266,                0.62953,                0.63905,                0.24698,                 1.8497,                  3.185,                  1.399,                 1.3289,              0.0019956,              0.0019956,              0.0019956
                      8,                 1.5866,                  2.196,                0.97069,                 1.0618,                0.77407,                0.70509,                0.78157,                0.38607,                0.76755,                0.68847,                0.75962,                0.33374,                 1.7008,                 2.6774,                 1.3083,                 1.1991,               0.001994,               0.001994,               0.001994
                      9,                  1.614,                 2.1865,                0.99555,                 1.0881,                0.76883,                 0.7228,                0.79115,                0.41183,                0.75661,                0.69495,                0.75751,                0.34132,                 1.7372,                 2.7314,                 1.1267,                 1.2586,              0.0019922,              0.0019922,              0.0019922
                     10,                 1.5799,                 2.1772,                0.94251,                 1.0669,                0.77615,                0.69927,                0.78413,                0.39082,                0.77066,                 0.6861,                0.76784,                0.35074,                 1.7916,                  2.796,                 1.0978,                 1.3042,              0.0019901,              0.0019901,              0.0019901
                     11,                 1.5779,                 2.1671,                0.93843,                 1.0774,                0.76763,                0.74883,                 0.8077,                0.43051,                0.75764,                0.73251,                0.78752,                0.37803,                 1.6735,                 2.6497,                 1.1274,                 1.2245,              0.0019878,              0.0019878,              0.0019878
                     12,                 1.5693,                 2.1441,                0.93303,                 1.0717,                0.77628,                0.73208,                0.80827,                0.43474,                0.77037,                0.70056,                0.78329,                0.36506,                  1.713,                 2.6531,                 1.2051,                 1.2833,              0.0019853,              0.0019853,              0.0019853
                     13,                 1.5748,                 2.1647,                0.92811,                 1.0802,                0.78665,                0.70963,                0.79373,                0.41168,                0.77419,                0.69495,                0.76853,                0.34582,                 1.6918,                 2.5669,                 1.0787,                 1.2409,              0.0019825,              0.0019825,              0.0019825
                     14,                 1.5507,                 2.1115,                0.88804,                 1.0696,                0.79071,                0.76424,                0.84032,                0.47573,                0.78554,                0.75992,                 0.8323,                0.42363,                 1.5698,                 2.3461,                 1.1814,                 1.2027,              0.0019794,              0.0019794,              0.0019794
                     15,                 1.5516,                 2.1109,                0.91457,                 1.0599,                0.79116,                0.71179,                0.79953,                0.43049,                0.77843,                0.69516,                0.77316,                0.36095,                 1.6768,                 2.4005,                  1.084,                 1.2337,              0.0019762,              0.0019762,              0.0019762
                     16,                 1.5666,                 2.1157,                0.89132,                 1.0644,                0.78306,                0.73057,                0.81566,                0.43897,                0.77155,                0.71308,                0.78942,                0.37193,                 1.6423,                 2.4305,                 1.2032,                  1.223,              0.0019726,              0.0019726,              0.0019726
                     17,                 1.5246,                 2.0937,                0.88281,                 1.0534,                0.79323,                0.73575,                0.81948,                0.43543,                0.78048,                0.71978,                0.79789,                0.37551,                 1.7154,                 2.4998,                 1.2483,                 1.2648,              0.0019689,              0.0019689,              0.0019689
                     18,                 1.5369,                 2.0802,                0.89223,                 1.0581,                0.80555,                0.75065,                0.83819,                0.46688,                0.80107,                0.74266,                0.82391,                0.40539,                 1.6197,                 2.3353,                 1.1179,                  1.212,              0.0019649,              0.0019649,              0.0019649
                     19,                 1.5271,                 2.0694,                0.84613,                 1.0498,                0.79966,                 0.7747,                 0.8479,                0.47714,                0.78696,                 0.7624,                0.83023,                0.43146,                   1.59,                 2.3217,                0.99542,                   1.19,              0.0019607,              0.0019607,              0.0019607
                     20,                 1.5294,                 2.0717,                0.87138,                 1.0636,                0.80229,                0.76274,                 0.8432,                0.46448,                0.79716,                 0.7568,                0.83249,                0.42943,                 1.5748,                 2.2649,                0.96144,                 1.1926,              0.0019562,              0.0019562,              0.0019562
                     21,                 1.5327,                 2.0723,                0.85507,                 1.0571,                0.79024,                 0.7405,                0.82681,                0.47092,                0.77383,                0.72389,                0.80406,                0.41753,                 1.5886,                 2.3683,                 1.0272,                 1.1966,              0.0019515,              0.0019515,              0.0019515
                     22,                  1.512,                 2.0575,                0.84933,                 1.0555,                0.80758,                0.76986,                 0.8402,                0.46404,                0.80287,                0.74676,                0.81441,                0.40688,                 1.5778,                 2.3146,                 1.0957,                 1.1791,              0.0019466,              0.0019466,              0.0019466
                     23,                 1.5251,                 2.0695,                0.85185,                 1.0576,                0.80409,                 0.7459,                0.83007,                0.46075,                0.79834,                0.73079,                0.81437,                0.41267,                 1.5956,                 2.2708,                 1.0091,                 1.1992,              0.0019415,              0.0019415,              0.0019415
                     24,                 1.5294,                 2.0614,                 0.8492,                 1.0589,                0.80338,                0.75773,                 0.8419,                 0.4723,                0.79701,                0.74171,                0.82476,                 0.4219,                  1.542,                 2.2916,                0.96319,                 1.1749,              0.0019361,              0.0019361,              0.0019361
                     25,                 1.5133,                 2.0525,                0.83941,                 1.0699,                0.79147,                 0.7513,                0.82071,                0.45212,                0.78799,                0.73983,                 0.8062,                0.41379,                 1.6108,                 2.3384,                0.99052,                 1.2013,              0.0019305,              0.0019305,              0.0019305
                     26,                 1.4944,                  2.033,                0.82918,                 1.0432,                0.82467,                0.74329,                0.83987,                0.47558,                0.81639,                0.72733,                0.82248,                0.41776,                 1.5998,                 2.3849,                0.96904,                 1.2158,              0.0019246,              0.0019246,              0.0019246
                     27,                 1.5243,                 2.0392,                0.84706,                 1.0647,                0.81155,                0.77375,                0.85552,                0.47415,                0.81243,                0.75834,                0.84335,                0.42213,                 1.6218,                 2.3194,                0.92965,                 1.2195,              0.0019186,              0.0019186,              0.0019186
                     28,                 1.4985,                 2.0197,                0.83839,                 1.0542,                0.82522,                0.76339,                0.84875,                0.46153,                0.81568,                0.74266,                 0.8292,                  0.406,                 1.6237,                 2.3519,                  1.009,                 1.2076,              0.0019123,              0.0019123,              0.0019123
                     29,                 1.5093,                 2.0488,                0.84006,                 1.0458,                0.80478,                0.77828,                0.85337,                0.48602,                0.80057,                0.76179,                0.83858,                0.43077,                 1.4988,                 2.2219,                0.96948,                 1.1629,              0.0019058,              0.0019058,              0.0019058
                     30,                  1.498,                 2.0302,                0.82635,                 1.0506,                0.78475,                0.76878,                0.83739,                0.45523,                0.77385,                0.75475,                0.81508,                0.40718,                 1.5858,                 2.3317,                0.98581,                 1.1888,               0.001899,               0.001899,               0.001899
                     31,                 1.5109,                  2.012,                0.83383,                   1.05,                0.82397,                 0.7677,                0.85431,                0.48905,                0.81566,                0.75847,                0.83948,                0.43979,                 1.5431,                 2.3444,                0.93653,                 1.1791,              0.0018921,              0.0018921,              0.0018921
                     32,                 1.4941,                 2.0199,                 0.8183,                 1.0435,                0.79392,                0.76601,                0.84159,                0.46792,                0.79986,                0.73336,                0.81775,                0.40405,                 1.5872,                 2.3484,                0.98313,                 1.1846,              0.0018849,              0.0018849,              0.0018849
                     33,                 1.5104,                 2.0259,                0.83287,                 1.0626,                0.81968,                0.78022,                0.86019,                0.48422,                0.81586,                0.76339,                0.84572,                0.43583,                 1.5758,                 2.2897,                0.90962,                 1.1925,              0.0018775,              0.0018775,              0.0018775
                     34,                 1.4845,                  2.002,                0.80734,                 1.0452,                0.79394,                0.77288,                 0.8466,                0.47532,                0.79277,                0.75518,                0.82602,                 0.4162,                  1.563,                  2.246,                0.92892,                 1.1861,              0.0018699,              0.0018699,              0.0018699
                     35,                  1.496,                 2.0025,                0.80811,                  1.042,                0.78271,                0.78066,                0.84667,                0.47908,                0.78345,                0.76231,                0.82895,                0.42155,                 1.5445,                 2.2396,                0.88708,                 1.1927,              0.0018621,              0.0018621,              0.0018621
                     36,                 1.4786,                 2.0074,                0.81115,                  1.044,                0.81149,                0.77692,                0.85522,                0.48914,                0.80089,                0.76677,                0.84278,                0.44185,                 1.5484,                 2.2607,                0.88192,                 1.1833,              0.0018541,              0.0018541,              0.0018541
                     37,                   1.49,                 2.0049,                0.80906,                 1.0545,                0.81685,                0.77547,                0.85358,                0.46366,                0.80839,                0.75583,                0.83236,                0.39052,                 1.6028,                  2.231,                0.93433,                 1.1967,              0.0018459,              0.0018459,              0.0018459
                     38,                 1.4859,                 1.9979,                 0.8216,                 1.0408,                0.80571,                0.74218,                0.83708,                0.46954,                0.79973,                0.72604,                  0.818,                0.41503,                  1.569,                 2.2355,                0.96348,                 1.1729,              0.0018374,              0.0018374,              0.0018374
                     39,                 1.4909,                 1.9923,                0.81376,                 1.0433,                0.80453,                0.78951,                0.85823,                0.48123,                0.80431,                0.77655,                0.84731,                0.41742,                 1.5781,                 2.2461,                 0.9103,                  1.198,              0.0018288,              0.0018288,              0.0018288
                     40,                 1.4865,                 1.9891,                0.80892,                 1.0517,                0.82406,                0.76345,                0.85279,                0.48359,                0.82101,                0.74115,                0.83591,                0.43008,                 1.5223,                 2.2515,                0.96599,                 1.1775,                0.00182,                0.00182,                0.00182
                     41,                  1.488,                 1.9782,                0.80192,                 1.0313,                0.79875,                0.78627,                  0.854,                0.48483,                0.80163,                0.75989,                0.83776,                0.42807,                 1.5563,                 2.2199,                0.93031,                 1.1859,              0.0018109,              0.0018109,              0.0018109
                     42,                 1.4902,                 1.9911,                0.81194,                 1.0482,                0.80427,                0.77915,                 0.8559,                0.48032,                0.79972,                0.76252,                 0.8404,                0.42144,                 1.6168,                 2.2182,                0.93299,                 1.2442,              0.0018017,              0.0018017,              0.0018017
                     43,                 1.4902,                 1.9989,                0.81251,                  1.043,                0.80959,                0.79814,                0.85994,                0.48805,                0.80177,                0.78368,                0.84597,                0.43105,                 1.5329,                 2.1792,                0.87816,                 1.1891,              0.0017923,              0.0017923,              0.0017923
                     44,                  1.478,                 1.9743,                0.79339,                  1.042,                0.80379,                0.76677,                0.83951,                0.46974,                0.79229,                0.74281,                0.82005,                0.41076,                 1.5481,                  2.264,                0.90382,                 1.2006,              0.0017826,              0.0017826,              0.0017826
                     45,                 1.4885,                 1.9937,                0.80385,                 1.0533,                0.80754,                  0.788,                0.85373,                0.48019,                0.79679,                0.77396,                0.83762,                0.41952,                 1.5823,                 2.4145,                0.90212,                 1.2052,              0.0017728,              0.0017728,              0.0017728
                     46,                 1.4747,                 1.9796,                0.79948,                 1.0378,                 0.8217,                0.77353,                0.85596,                0.48254,                0.81341,                0.76326,                0.84146,                 0.4258,                 1.5925,                 2.3102,                0.95558,                  1.234,              0.0017628,              0.0017628,              0.0017628
                     47,                  1.469,                  1.974,                0.79685,                 1.0352,                0.80474,                0.79367,                0.85951,                0.48327,                0.80673,                0.76706,                0.84342,                0.42244,                 1.5546,                 2.1988,                0.90535,                 1.1887,              0.0017526,              0.0017526,              0.0017526
                     48,                  1.484,                 1.9965,                0.79326,                 1.0474,                0.81238,                0.79735,                0.86811,                0.50124,                0.81224,                0.78261,                0.85694,                0.45053,                 1.4984,                 2.1477,                0.86266,                 1.1582,              0.0017422,              0.0017422,              0.0017422
                     49,                 1.4988,                 2.0017,                0.80153,                 1.0422,                0.79879,                0.79793,                0.86199,                0.49339,                0.78933,                0.78138,                 0.8464,                0.43799,                 1.5312,                   2.23,                0.93155,                 1.1714,              0.0017317,              0.0017317,              0.0017317
                     50,                 1.4863,                  1.994,                0.80424,                 1.0539,                0.82994,                0.79965,                0.87384,                0.50774,                0.81494,                0.78649,                0.85845,                0.45046,                 1.5021,                 2.1444,                0.86322,                 1.1594,              0.0017209,              0.0017209,              0.0017209
                     51,                 1.4543,                 1.9461,                 0.7826,                 1.0352,                0.81553,                 0.7798,                0.86236,                0.48217,                0.81415,                0.75216,                0.84624,                0.42076,                 1.5597,                 2.2033,                0.87422,                 1.1796,                0.00171,                0.00171,                0.00171
                     52,                 1.4477,                 1.9449,                0.77263,                 1.0258,                0.81913,                0.75993,                0.85088,                0.48603,                0.81507,                0.73932,                0.83413,                0.43388,                 1.5309,                 2.1946,                0.87507,                 1.1829,               0.001699,               0.001699,               0.001699
                     53,                 1.4784,                 1.9799,                0.79258,                 1.0499,                0.81664,                0.79808,                0.86599,                0.49453,                0.80682,                0.78354,                 0.8511,                 0.4459,                 1.4962,                 2.1874,                0.85955,                 1.1623,              0.0016877,              0.0016877,              0.0016877
                     54,                 1.4647,                 1.9455,                 0.7762,                 1.0424,                0.81344,                0.78977,                0.86343,                0.49448,                0.82132,                 0.7681,                0.84893,                0.43289,                 1.5053,                  2.153,                0.88232,                 1.1677,              0.0016763,              0.0016763,              0.0016763
                     55,                 1.4604,                 1.9357,                0.77592,                  1.041,                0.80987,                0.79836,                0.85722,                 0.4738,                0.79686,                0.78605,                0.84087,                0.41702,                 1.5393,                 2.2202,                0.92984,                 1.1829,              0.0016647,              0.0016647,              0.0016647
                     56,                 1.4674,                 1.9432,                0.78688,                 1.0402,                0.82092,                0.78217,                0.86133,                0.49237,                0.81439,                0.76822,                0.84424,                0.44385,                 1.5104,                 2.1698,                0.88116,                  1.171,               0.001653,               0.001653,               0.001653
                     57,                 1.4555,                 1.9417,                0.78247,                 1.0446,                0.81384,                0.78998,                0.86455,                0.49939,                0.80639,                0.77483,                0.84639,                0.44533,                 1.4823,                 2.1249,                0.89532,                 1.1572,               0.001641,               0.001641,               0.001641
                     58,                 1.4383,                 1.9153,                0.77037,                 1.0281,                0.82163,                0.78195,                0.86373,                0.49366,                0.81895,                0.76015,                0.84461,                0.43223,                 1.5365,                  2.155,                0.88018,                 1.1785,               0.001629,               0.001629,               0.001629
                     59,                 1.4827,                 1.9614,                0.78139,                 1.0501,                0.82284,                0.77612,                0.86816,                0.49745,                0.82609,                0.75993,                0.85497,                0.43281,                 1.5422,                 2.1696,                0.92728,                 1.1861,              0.0016168,              0.0016168,              0.0016168
                     60,                 1.4706,                 1.9629,                0.77343,                 1.0403,                0.84026,                0.78087,                0.87349,                0.50288,                0.82752,                0.76187,                0.85265,                0.42929,                  1.528,                 2.1497,                0.82601,                 1.1898,              0.0016044,              0.0016044,              0.0016044
                     61,                 1.4674,                 1.9495,                0.76732,                  1.042,                0.81058,                0.78497,                0.86128,                0.48769,                0.80284,                0.76533,                0.84275,                0.41976,                 1.5628,                 2.2231,                 0.8837,                 1.1826,              0.0015919,              0.0015919,              0.0015919
                     62,                 1.4639,                 1.9378,                0.76354,                  1.037,                0.83252,                0.79412,                0.87742,                  0.513,                0.82498,                0.78357,                0.86452,                0.46782,                 1.4913,                 2.1092,                 0.8314,                 1.1538,              0.0015793,              0.0015793,              0.0015793
                     63,                 1.4463,                 1.9096,                0.77165,                  1.036,                0.82336,                0.79037,                0.86998,                0.50626,                0.81551,                0.78066,                  0.858,                0.45911,                 1.5112,                 2.1625,                0.86105,                 1.1635,              0.0015665,              0.0015665,              0.0015665
                     64,                 1.4643,                 1.9428,                0.77756,                 1.0402,                0.81662,                0.78833,                 0.8618,                0.49099,                0.80938,                0.78433,                0.85061,                0.44953,                 1.5443,                 2.2339,                0.86889,                 1.1874,              0.0015535,              0.0015535,              0.0015535
                     65,                 1.4657,                 1.9555,                0.78732,                  1.036,                0.81044,                 0.7785,                0.85862,                0.49664,                0.80136,                0.76835,                0.84292,                0.43935,                 1.4946,                 2.1506,                0.90649,                 1.1603,              0.0015405,              0.0015405,              0.0015405
                     66,                 1.4389,                  1.902,                0.75822,                 1.0234,                0.83789,                0.77461,                 0.8615,                0.49318,                0.83332,                0.75864,                0.84811,                0.43703,                 1.6032,                 2.2418,                0.88743,                 1.2145,              0.0015273,              0.0015273,              0.0015273
                     67,                 1.4426,                 1.9022,                0.75369,                 1.0248,                0.82567,                 0.7853,                0.86667,                  0.501,                0.81568,                0.76835,                0.85142,                 0.4394,                 1.4969,                 2.1389,                  0.842,                 1.1578,               0.001514,               0.001514,               0.001514
                     68,                 1.4214,                 1.9016,                0.73799,                 1.0285,                0.82153,                  0.797,                0.86887,                0.50571,                0.81826,                0.77612,                0.85019,                0.44703,                 1.5319,                 2.2222,                0.85038,                 1.1981,              0.0015005,              0.0015005,              0.0015005
                     69,                  1.433,                 1.8997,                0.75416,                 1.0273,                 0.8248,                0.78713,                0.86882,                0.48825,                0.81485,                  0.769,                0.84885,                0.42691,                 1.5621,                 2.2075,                0.88093,                 1.1952,              0.0014869,              0.0014869,              0.0014869
                     70,                 1.4585,                 1.9088,                0.75893,                 1.0318,                0.81625,                0.80959,                0.87665,                0.50758,                 0.8061,                0.79771,                0.86186,                0.44714,                 1.5336,                 2.2053,                0.81874,                 1.1806,              0.0014733,              0.0014733,              0.0014733
                     71,                 1.4395,                 1.8904,                0.74327,                 1.0256,                0.82523,                0.80127,                 0.8763,                 0.5016,                0.81454,                0.78325,                0.85896,                0.43503,                 1.4974,                   2.15,                0.83795,                 1.1609,              0.0014595,              0.0014595,              0.0014595
                     72,                 1.4222,                 1.8884,                0.73713,                 1.0232,                0.83118,                0.79447,                0.87507,                 0.5019,                0.82252,                0.78325,                0.85867,                0.43401,                 1.4838,                  2.114,                0.81845,                 1.1531,              0.0014455,              0.0014455,              0.0014455
                     73,                  1.429,                 1.8882,                0.74147,                 1.0235,                0.82618,                0.79102,                0.87048,                0.49318,                0.82768,                0.76317,                0.85017,                 0.4224,                 1.5438,                 2.1685,                0.83625,                 1.1797,              0.0014315,              0.0014315,              0.0014315
                     74,                 1.4439,                 1.8881,                0.75031,                   1.03,                0.84136,                0.79233,                  0.877,                0.49604,                0.83147,                0.77116,                0.85553,                0.42183,                 1.5198,                 2.1187,                0.83012,                 1.1725,              0.0014174,              0.0014174,              0.0014174
                     75,                 1.4472,                 1.8712,                0.74235,                 1.0275,                0.82464,                0.79167,                0.87202,                0.50587,                0.81286,                0.77763,                0.85448,                0.44096,                 1.5028,                 2.1224,                0.83151,                 1.1633,              0.0014032,              0.0014032,              0.0014032
                     76,                 1.4281,                 1.8801,                0.73619,                 1.0262,                0.84006,                0.79296,                0.87684,                0.51229,                0.83582,                0.77699,                0.86142,                0.45414,                 1.4561,                 2.0776,                0.82052,                 1.1392,              0.0013889,              0.0013889,              0.0013889
                     77,                 1.4179,                 1.8648,                0.73086,                 1.0283,                0.82929,                0.79922,                0.87776,                0.51452,                0.82661,                 0.7785,                0.86105,                0.44735,                 1.5012,                 2.1404,                0.81932,                 1.1554,              0.0013744,              0.0013744,              0.0013744
                     78,                 1.4133,                 1.8817,                0.73682,                 1.0316,                0.80781,                0.79642,                0.86245,                0.49256,                 0.8066,                  0.769,                0.84201,                0.42359,                 1.5072,                 2.1698,                0.82585,                 1.1702,              0.0013599,              0.0013599,              0.0013599
                     79,                 1.4172,                  1.868,                 0.7425,                 1.0253,                0.81633,                0.80829,                0.87256,                 0.5085,                0.80693,                0.79583,                  0.858,                0.44908,                 1.4859,                 2.0896,                0.90107,                 1.1598,              0.0013454,              0.0013454,              0.0013454
                     80,                  1.416,                 1.8569,                 0.7393,                 1.0293,                0.82694,                0.80257,                0.87594,                0.50957,                0.82087,                0.78553,                0.85975,                0.45322,                 1.5026,                 2.1903,                0.82141,                 1.1708,              0.0013307,              0.0013307,              0.0013307
                     81,                 1.4081,                 1.8754,                0.74385,                  1.031,                0.84361,                0.79253,                0.88121,                0.51152,                0.83914,                0.78519,                0.87081,                0.45679,                 1.5031,                 2.2291,                0.83745,                 1.1763,              0.0013159,              0.0013159,              0.0013159
                     82,                 1.4105,                 1.8454,                0.72618,                 1.0224,                0.82219,                0.80059,                0.87528,                 0.4886,                0.81016,                0.78217,                0.85526,                0.41675,                 1.5721,                 2.2254,                 0.8368,                 1.1888,              0.0013011,              0.0013011,              0.0013011
                     83,                 1.3977,                 1.8584,                 0.7209,                 1.0204,                 0.8357,                0.79512,                0.87841,                0.51216,                0.82921,                0.77461,                0.85997,                0.44969,                 1.4406,                 2.0719,                0.81133,                  1.131,              0.0012862,              0.0012862,              0.0012862
                     84,                 1.4055,                 1.8463,                0.72145,                 1.0085,                0.83234,                0.80915,                0.88302,                0.51643,                 0.8232,                0.78808,                0.86488,                0.45288,                  1.462,                 2.1191,                0.79074,                 1.1451,              0.0012712,              0.0012712,              0.0012712
                     85,                 1.4086,                 1.8585,                0.72162,                 1.0243,                0.83758,                0.80419,                0.88096,                0.51014,                0.83169,                0.79155,                0.86697,                0.46733,                 1.4638,                 2.0596,                0.79186,                 1.1514,              0.0012562,              0.0012562,              0.0012562
                     86,                 1.4233,                 1.8627,                0.73097,                 1.0231,                0.83715,                0.80052,                0.88081,                0.50302,                0.82488,                0.78506,                0.86149,                0.43078,                 1.4928,                 2.0843,                0.80438,                 1.1522,              0.0012411,              0.0012411,              0.0012411
                     87,                 1.4109,                   1.85,                0.71813,                 1.0141,                0.83475,                0.81576,                0.88402,                0.51266,                0.83235,                0.79209,                0.86415,                0.44995,                 1.4693,                 2.0961,                0.79145,                 1.1615,               0.001226,               0.001226,               0.001226
                     88,                 1.3902,                 1.8232,                0.71524,                 1.0101,                 0.8238,                0.82297,                0.88199,                0.51171,                0.81755,                0.79518,                0.86265,                0.44558,                 1.4478,                 2.0514,                0.82141,                 1.1334,              0.0012108,              0.0012108,              0.0012108
                     89,                 1.3967,                 1.8475,                0.71717,                 1.0206,                0.81714,                0.79398,                0.86898,                0.47809,                0.81843,                0.75904,                0.84264,                 0.4109,                 1.5522,                 2.0606,                0.84752,                 1.1691,              0.0011955,              0.0011955,              0.0011955
                     90,                 1.3938,                 1.8272,                0.71314,                 1.0208,                0.83554,                0.80484,                0.88376,                0.51495,                0.83054,                0.78195,                0.86265,                0.44611,                 1.4841,                 2.0922,                0.79057,                 1.1514,              0.0011802,              0.0011802,              0.0011802
                     91,                 1.3874,                 1.8329,                0.71869,                 1.0226,                0.82949,                0.81757,                0.88624,                 0.5198,                0.82506,                 0.8003,                0.86966,                0.45728,                  1.449,                 2.0334,                0.75845,                 1.1436,              0.0011649,              0.0011649,              0.0011649
                     92,                 1.3806,                 1.8394,                0.71638,                 1.0138,                0.82688,                0.81196,                0.88249,                0.51723,                0.81691,                0.79372,                0.86525,                0.45101,                 1.4406,                 2.0494,                0.79508,                 1.1349,              0.0011495,              0.0011495,              0.0011495
                     93,                 1.3963,                 1.8342,                0.71858,                 1.0145,                0.83364,                0.80705,                0.88318,                 0.5123,                0.82879,                0.78497,                0.86048,                0.44464,                 1.4862,                 2.0719,                 0.7912,                 1.1526,              0.0011341,              0.0011341,              0.0011341
                     94,                 1.3863,                 1.8285,                0.71527,                 1.0133,                0.84301,                0.81033,                0.88128,                0.51551,                0.83577,                0.79214,                0.86481,                0.45874,                 1.4588,                 2.0207,                 0.7881,                 1.1332,              0.0011186,              0.0011186,              0.0011186
                     95,                 1.3891,                 1.8363,                0.70845,                 1.0214,                0.83151,                0.81293,                0.88296,                0.50465,                0.82747,                 0.7973,                0.86921,                0.45096,                 1.4347,                 2.0082,                0.77584,                 1.1375,              0.0011032,              0.0011032,              0.0011032
                     96,                 1.3899,                  1.828,                0.70725,                 1.0214,                0.82993,                0.82282,                0.88604,                0.51724,                0.83644,                0.79822,                 0.8718,                0.45915,                 1.4406,                 2.0371,                0.74804,                 1.1325,              0.0010877,              0.0010877,              0.0010877
                     97,                 1.4016,                 1.8437,                0.70945,                 1.0208,                0.83617,                0.81131,                0.88462,                 0.5127,                 0.8323,                0.79502,                0.87081,                0.45455,                 1.4404,                 2.0359,                0.75321,                 1.1452,              0.0010722,              0.0010722,              0.0010722
                     98,                 1.3819,                 1.8225,                0.70137,                 1.0083,                0.81407,                0.82556,                0.88481,                0.51363,                 0.8305,                0.78886,                0.86975,                0.44905,                 1.4532,                 2.0292,                0.78467,                 1.1487,              0.0010566,              0.0010566,              0.0010566
                     99,                 1.3952,                 1.8218,                 0.7075,                 1.0163,                0.83989,                0.80748,                0.88147,                0.51315,                0.83078,                0.78642,                0.86341,                0.44648,                 1.4585,                 2.0391,                0.77175,                 1.1417,              0.0010411,              0.0010411,              0.0010411
                    100,                 1.3589,                 1.8031,                0.70137,                 1.0063,                0.82395,                0.80117,                0.87352,                 0.4951,                0.81512,                0.78476,                0.85542,                0.42414,                 1.5499,                 2.1678,                0.80181,                 1.1798,              0.0010256,              0.0010256,              0.0010256
                    101,                 1.3902,                 1.8201,                0.71422,                 1.0132,                0.83349,                0.79598,                0.87575,                0.50596,                0.83444,                 0.7731,                 0.8585,                 0.4366,                  1.478,                 2.1124,                0.81027,                 1.1523,                0.00101,                0.00101,                0.00101
                    102,                 1.3989,                 1.8368,                0.70868,                 1.0132,                0.84311,                0.79125,                0.87388,                0.51137,                0.83279,                0.77742,                0.86004,                0.45653,                  1.398,                 2.0028,                0.78999,                 1.1155,             0.00099445,             0.00099445,             0.00099445
                    103,                 1.3679,                 1.8003,                0.70034,                  1.006,                0.84468,                0.81282,                0.88912,                0.51935,                0.83441,                0.79059,                0.86783,                0.45211,                 1.4301,                 2.0025,                0.74178,                 1.1351,              0.0009789,              0.0009789,              0.0009789
                    104,                 1.3688,                 1.8071,                0.69679,                 1.0099,                0.82633,                0.81971,                0.88211,                0.51172,                0.82513,                0.78735,                 0.8594,                0.44538,                 1.4504,                 2.0389,                0.78125,                 1.1414,             0.00096336,             0.00096336,             0.00096336
                    105,                 1.3553,                 1.7854,                0.69802,                 1.0153,                0.83832,                0.81973,                0.88545,                0.52097,                0.83428,                0.79234,                 0.8667,                 0.4597,                 1.4555,                  2.052,                  0.755,                 1.1512,             0.00094784,             0.00094784,             0.00094784
                    106,                 1.3594,                 1.7857,                0.69045,                 1.0027,                0.83902,                0.81649,                0.88699,                0.52133,                0.83438,                0.79836,                0.87077,                0.45916,                 1.4267,                 2.0309,                0.75198,                 1.1379,             0.00093233,             0.00093233,             0.00093233
                    107,                 1.3466,                 1.7679,                0.67839,                 1.0016,                0.83705,                0.81326,                0.88462,                0.52061,                0.82572,                 0.7921,                0.86313,                0.45733,                 1.4244,                  2.028,                0.76073,                 1.1372,             0.00091683,             0.00091683,             0.00091683
                    108,                 1.3482,                 1.7684,                0.67896,                 1.0071,                0.82267,                0.82211,                0.88364,                0.51746,                0.82832,                0.79059,                0.86558,                0.45813,                 1.4263,                  2.033,                0.76017,                 1.1339,             0.00090136,             0.00090136,             0.00090136
                    109,                 1.3542,                 1.7851,                0.67785,                 1.0046,                0.84464,                0.80754,                0.88579,                0.51872,                0.83544,                0.79339,                0.87007,                0.46132,                 1.4089,                 2.0308,                0.74897,                 1.1186,             0.00088592,             0.00088592,             0.00088592
                    110,                 1.3333,                 1.7512,                 0.6722,                 1.0006,                0.83893,                0.80846,                0.88113,                0.51523,                 0.8318,                0.79145,                0.86693,                0.45945,                 1.4765,                 2.1038,                0.76865,                 1.1583,             0.00087051,             0.00087051,             0.00087051
                    111,                 1.3449,                 1.7508,                0.67984,                0.99712,                 0.8395,                0.81419,                0.88712,                0.52068,                 0.8284,                0.79555,                0.86942,                0.45653,                 1.4217,                 2.0149,                0.75147,                  1.123,             0.00085513,             0.00085513,             0.00085513
                    112,                 1.3335,                 1.7431,                0.67495,                0.99369,                0.82552,                0.82738,                0.89145,                0.52399,                0.82771,                0.79657,                0.87121,                0.45995,                  1.395,                 1.9763,                0.73628,                 1.1161,             0.00083979,             0.00083979,             0.00083979
                    113,                  1.333,                 1.7461,                0.66906,                 1.0052,                0.82391,                0.82327,                0.88724,                0.52508,                0.81523,                0.80829,                0.86992,                0.46324,                 1.4208,                 2.0247,                0.75785,                 1.1316,             0.00082449,             0.00082449,             0.00082449
                    114,                 1.3499,                 1.7635,                0.68122,                 1.0036,                0.83156,                0.81995,                0.88736,                0.52395,                0.83291,                0.79743,                0.87095,                0.46438,                 1.4277,                 2.0051,                 0.7513,                 1.1326,             0.00080924,             0.00080924,             0.00080924
                    115,                  1.335,                 1.7504,                0.67793,                0.99152,                0.84467,                 0.8183,                0.89067,                 0.5245,                0.83941,                0.79965,                0.87584,                0.46557,                  1.412,                 2.0002,                0.73977,                 1.1151,             0.00079404,             0.00079404,             0.00079404
                    116,                 1.3344,                 1.7428,                0.66971,                0.99469,                 0.8322,                0.81801,                0.88603,                0.52139,                 0.8341,                0.79491,                0.87005,                0.46302,                 1.4545,                 2.0154,                0.75916,                 1.1514,             0.00077889,             0.00077889,             0.00077889
                    117,                 1.3452,                 1.7717,                0.67683,                 1.0007,                0.82735,                0.82352,                 0.8845,                0.51902,                0.83319,                0.79879,                0.86943,                0.46256,                 1.4222,                 1.9827,                0.74292,                 1.1275,              0.0007638,              0.0007638,              0.0007638
                    118,                 1.3393,                 1.7508,                0.67509,                0.99993,                0.84364,                0.80837,                0.88632,                 0.5199,                0.83184,                0.78649,                0.86812,                 0.4643,                 1.4381,                 2.0294,                0.73839,                 1.1374,             0.00074877,             0.00074877,             0.00074877
                    119,                 1.3314,                 1.7229,                0.67346,                0.99032,                0.84374,                0.81282,                 0.8894,                0.51889,                0.83366,                0.79102,                0.86894,                 0.4527,                 1.4924,                 2.0556,                0.76377,                 1.1627,              0.0007338,              0.0007338,              0.0007338
                    120,                  1.329,                 1.7286,                0.66679,                0.98972,                0.84499,                0.81559,                0.89026,                0.52425,                0.84347,                 0.7934,                 0.8751,                0.46138,                 1.4295,                 2.0116,                0.71421,                 1.1312,              0.0007189,              0.0007189,              0.0007189
                    121,                 1.3267,                 1.7275,                0.66502,                0.98629,                 0.8488,                0.81326,                0.88854,                0.52022,                0.83983,                 0.7975,                0.87168,                0.46406,                  1.429,                 2.0357,                0.72335,                 1.1295,             0.00070407,             0.00070407,             0.00070407
                    122,                  1.312,                 1.7034,                0.64623,                  0.984,                0.84085,                0.82236,                 0.8894,                0.52926,                0.83577,                0.80419,                0.87417,                0.47141,                 1.3912,                 1.9623,                0.72044,                 1.1131,             0.00068932,             0.00068932,             0.00068932
                    123,                 1.2995,                 1.7038,                0.65849,                0.98443,                  0.841,                 0.8275,                0.89218,                0.53008,                 0.8333,                 0.8057,                0.87457,                0.47033,                 1.3967,                 1.9506,                0.71747,                 1.1137,             0.00067465,             0.00067465,             0.00067465
                    124,                 1.3157,                 1.7146,                0.65882,                0.99274,                0.84224,                0.82177,                0.89114,                0.52232,                0.83292,                0.80289,                0.87248,                0.45621,                 1.3997,                 1.9571,                 0.7222,                 1.1144,             0.00066006,             0.00066006,             0.00066006
                    125,                  1.301,                 1.7122,                0.65062,                0.98738,                0.83834,                0.82556,                0.89144,                0.52504,                0.82935,                0.80829,                0.87674,                0.46583,                 1.3936,                 1.9587,                 0.7136,                 1.1111,             0.00064556,             0.00064556,             0.00064556
                    126,                 1.3029,                 1.7247,                0.65582,                0.98428,                0.83467,                0.83053,                0.89163,                0.52474,                0.83297,                0.80318,                0.87334,                 0.4631,                 1.4408,                 2.0123,                0.72612,                 1.1422,             0.00063114,             0.00063114,             0.00063114
                    127,                 1.3102,                 1.7114,                0.66166,                0.99008,                0.83918,                0.83249,                0.89196,                0.52333,                0.83314,                0.81023,                0.87409,                0.45971,                  1.444,                 2.0621,                0.74169,                 1.1393,             0.00061682,             0.00061682,             0.00061682
                    128,                 1.3023,                 1.7019,                0.65537,                0.98817,                0.83297,                0.83269,                0.89231,                0.52713,                0.82163,                0.81349,                 0.8764,                0.47039,                 1.4126,                 2.0135,                0.73998,                 1.1244,              0.0006026,              0.0006026,              0.0006026
                    129,                  1.297,                 1.7026,                0.65548,                  0.981,                0.83905,                0.81714,                0.88927,                0.52409,                0.83147,                0.79663,                0.87196,                0.46034,                 1.4379,                 2.0481,                0.74402,                 1.1322,             0.00058848,             0.00058848,             0.00058848
                    130,                 1.3147,                 1.7068,                0.66079,                0.99106,                0.84001,                0.83117,                 0.8941,                0.52639,                0.83581,                0.80334,                0.87276,                0.45797,                 1.4167,                 1.9716,                0.71675,                  1.121,             0.00057446,             0.00057446,             0.00057446
                    131,                 1.3003,                 1.7076,                0.64603,                0.99153,                0.85023,                0.80763,                0.89099,                0.52923,                0.84312,                0.78664,                 0.8699,                0.46091,                 1.4123,                 1.9823,                0.72037,                 1.1327,             0.00056055,             0.00056055,             0.00056055
                    132,                 1.3152,                 1.7219,                0.65982,                0.99345,                0.84599,                0.81649,                0.88926,                0.52808,                0.83706,                0.80073,                 0.8737,                0.46831,                  1.392,                 1.9468,                0.71365,                 1.1111,             0.00054675,             0.00054675,             0.00054675
                    133,                 1.3011,                 1.6972,                0.65062,                0.99196,                 0.8363,                0.82718,                0.89278,                0.52271,                0.83584,                0.80462,                0.87436,                0.45204,                  1.435,                 1.9885,                0.76629,                 1.1262,             0.00053306,             0.00053306,             0.00053306
                    134,                 1.3109,                 1.7087,                0.65371,                0.98906,                0.83179,                0.83657,                0.89346,                 0.5284,                 0.8291,                0.81434,                0.87633,                0.46425,                 1.3909,                  1.968,                0.71841,                 1.1073,              0.0005195,              0.0005195,              0.0005195
                    135,                 1.2852,                 1.6686,                0.63837,                 0.9796,                0.83476,                0.83722,                0.89321,                0.53193,                0.83215,                0.80917,                0.87505,                0.47599,                  1.373,                 1.9686,                0.71538,                 1.1013,             0.00050605,             0.00050605,             0.00050605
                    136,                  1.299,                 1.6855,                0.65356,                0.98479,                0.83703,                0.83117,                0.89107,                0.53006,                0.82792,                0.81328,                0.87402,                0.46946,                  1.387,                 1.9862,                0.72275,                 1.1108,             0.00049273,             0.00049273,             0.00049273
                    137,                 1.2824,                  1.682,                0.64369,                  0.983,                0.84007,                0.83804,                0.89454,                0.53219,                0.84093,                0.81369,                0.87877,                0.47528,                 1.3672,                 1.9411,                0.71713,                 1.1001,             0.00047953,             0.00047953,             0.00047953
                    138,                 1.2536,                 1.6459,                0.62465,                0.97396,                0.83783,                0.83484,                0.89377,                0.53149,                0.83226,                0.82262,                 0.8822,                 0.4814,                 1.3773,                 1.9615,                0.70706,                 1.1074,             0.00046647,             0.00046647,             0.00046647
                    139,                 1.2832,                 1.6766,                 0.6354,                0.98301,                0.83561,                0.83183,                0.89201,                0.52995,                0.84004,                0.80498,                0.87835,                0.47641,                 1.3853,                 1.9551,                0.72766,                 1.1082,             0.00045354,             0.00045354,             0.00045354
                    140,                 1.2739,                 1.6724,                0.63829,                 0.9742,                0.83705,                0.81757,                0.88661,                0.52627,                0.82618,                0.80349,                 0.8751,                0.47514,                 1.3952,                 2.0125,                0.75042,                 1.1196,             0.00044074,             0.00044074,             0.00044074
                    141,                 1.2628,                 1.6433,                0.63156,                0.97192,                0.83912,                0.83328,                 0.8925,                0.52719,                0.82821,                 0.8139,                0.87474,                0.46495,                 1.3997,                 1.9839,                0.71958,                 1.1212,             0.00042809,             0.00042809,             0.00042809
                    142,                 1.2717,                 1.6606,                0.63635,                0.97667,                0.83796,                0.82283,                0.89219,                0.52568,                 0.8381,                0.79922,                0.87499,                0.46573,                 1.4097,                 2.0014,                  0.721,                 1.1242,             0.00041558,             0.00041558,             0.00041558
                    143,                 1.2595,                 1.6467,                0.63138,                 0.9725,                0.83786,                0.82923,                0.89056,                0.52711,                0.82548,                0.81384,                0.87492,                0.46688,                 1.4077,                 1.9957,                0.71885,                 1.1207,             0.00040322,             0.00040322,             0.00040322
                    144,                 1.2761,                 1.6749,                0.63631,                0.97337,                0.84609,                 0.8284,                0.89408,                0.52869,                0.83747,                0.81174,                0.87739,                0.47026,                 1.3921,                 1.9841,                0.71019,                 1.1132,             0.00039101,             0.00039101,             0.00039101
                    145,                 1.2921,                 1.6848,                0.64338,                0.97794,                0.84246,                0.83125,                  0.892,                0.52721,                0.83485,                0.81413,                0.87728,                0.47004,                 1.4263,                 2.0152,                0.72322,                 1.1354,             0.00037895,             0.00037895,             0.00037895
                    146,                 1.2633,                 1.6425,                0.62548,                0.97567,                0.82908,                0.83675,                0.89205,                0.53265,                 0.8321,                0.81174,                 0.8766,                0.47436,                 1.3822,                 1.9809,                0.70144,                 1.1127,             0.00036705,             0.00036705,             0.00036705
                    147,                 1.2673,                 1.6489,                0.63617,                0.97142,                0.84575,                0.82858,                0.89375,                0.53186,                0.83751,                0.80788,                0.87415,                 0.4724,                 1.3832,                 1.9704,                0.70683,                 1.1067,              0.0003553,              0.0003553,              0.0003553
                    148,                 1.2591,                 1.6428,                0.63161,                0.97148,                0.84118,                0.83139,                0.89351,                0.53266,                0.83957,                0.80484,                0.87616,                0.47383,                 1.3761,                 1.9597,                0.70715,                 1.1018,             0.00034372,             0.00034372,             0.00034372
                    149,                 1.2634,                 1.6471,                0.63009,                0.96923,                0.84489,                 0.8314,                0.89507,                0.53418,                 0.8452,                0.81174,                0.88101,                0.47655,                 1.3777,                 1.9748,                 0.6955,                 1.1073,              0.0003323,              0.0003323,              0.0003323
                    150,                 1.2493,                 1.6404,                 0.6299,                0.97647,                0.84441,                0.83333,                0.89488,                0.53376,                0.83847,                0.81471,                0.87902,                0.47386,                 1.3838,                 1.9825,                0.70295,                 1.1111,             0.00032105,             0.00032105,             0.00032105
                    151,                 1.2648,                   1.65,                0.63366,                0.98044,                0.84074,                0.83592,                0.89417,                0.53363,                0.84061,                0.80829,                0.87798,                0.46963,                  1.384,                 1.9638,                0.70293,                 1.1104,             0.00030996,             0.00030996,             0.00030996
                    152,                 1.2476,                 1.6308,                 0.6205,                0.96993,                0.84806,                0.82544,                0.89236,                 0.5313,                0.84113,                0.80656,                0.87595,                0.47142,                 1.3884,                 2.0179,                0.69657,                 1.1183,             0.00029905,             0.00029905,             0.00029905
                    153,                 1.2402,                 1.6062,                0.62436,                 0.9721,                0.83627,                0.83636,                0.89259,                 0.5295,                0.83476,                0.80743,                0.87524,                0.46913,                 1.3903,                 1.9822,                0.70043,                 1.1195,             0.00028832,             0.00028832,             0.00028832
                    154,                 1.2594,                 1.6541,                0.62591,                0.97882,                0.84336,                0.83506,                0.89471,                0.53261,                0.83889,                0.81606,                 0.8794,                0.46773,                 1.3726,                 1.9397,                0.69884,                 1.1067,             0.00027777,             0.00027777,             0.00027777
                    155,                 1.2544,                 1.6431,                0.62455,                0.97626,                0.84223,                0.83327,                0.89134,                0.53419,                0.82818,                0.81478,                0.87405,                0.47086,                 1.3721,                 1.9303,                0.70601,                 1.1015,             0.00026739,             0.00026739,             0.00026739
                    156,                 1.2459,                 1.6168,                0.62156,                0.96878,                0.84168,                0.83938,                0.89377,                0.53466,                0.83208,                0.82103,                0.87822,                0.47534,                 1.3848,                  1.962,                0.69619,                 1.1098,              0.0002572,              0.0002572,              0.0002572
                    157,                 1.2353,                 1.6269,                0.61313,                 0.9696,                0.84515,                0.83355,                0.89341,                0.53458,                0.83755,                0.81032,                0.87671,                0.47443,                  1.369,                 1.9406,                0.69559,                 1.1038,             0.00024719,             0.00024719,             0.00024719
                    158,                 1.2381,                 1.6292,                0.61843,                0.97355,                0.83399,                 0.8416,                0.89439,                0.53651,                0.82854,                0.81267,                0.87362,                0.47792,                 1.3631,                 1.9278,                0.68312,                 1.0974,             0.00023737,             0.00023737,             0.00023737
                    159,                 1.2457,                 1.6184,                 0.6247,                0.97049,                0.84144,                0.83269,                0.89364,                0.53396,                0.83881,                 0.8044,                0.87551,                0.47517,                 1.3579,                 1.9584,                0.68899,                  1.097,             0.00022775,             0.00022775,             0.00022775
                    160,                 1.2435,                 1.6237,                0.61715,                 0.9675,                0.84986,                0.82275,                0.89101,                0.53124,                0.84025,                0.80117,                0.87373,                0.46985,                 1.3613,                 1.9452,                0.68193,                 1.1015,             0.00021831,             0.00021831,             0.00021831
                    161,                 1.2364,                 1.6125,                0.61648,                0.96193,                0.83917,                0.82837,                0.89137,                0.52672,                0.82762,                0.81053,                0.87277,                0.45856,                 1.3806,                 1.9673,                0.68616,                 1.1115,             0.00020907,             0.00020907,             0.00020907
                    162,                 1.2314,                 1.6134,                0.61213,                0.96708,                0.84035,                0.83225,                0.89248,                0.53235,                0.83472,                0.81261,                0.87716,                0.47244,                 1.3635,                 1.9489,                0.69151,                 1.0993,             0.00020003,             0.00020003,             0.00020003
                    163,                 1.2322,                 1.5956,                  0.609,                0.96521,                0.85218,                0.82391,                0.89219,                0.53506,                0.84369,                0.80636,                0.87638,                0.47548,                 1.3639,                 1.9409,                0.68788,                 1.0985,             0.00019119,             0.00019119,             0.00019119
                    164,                 1.2268,                 1.6109,                0.60718,                0.96988,                0.84139,                0.83182,                0.89375,                0.53263,                0.83712,                0.80699,                0.87488,                0.47228,                 1.3691,                 1.9431,                 0.6789,                 1.1039,             0.00018255,             0.00018255,             0.00018255
                    165,                 1.2526,                 1.6185,                0.61881,                0.97467,                0.83585,                0.83657,                0.89324,                0.53331,                0.84223,                0.80073,                0.87563,                0.46753,                 1.3978,                 1.9841,                0.68878,                 1.1158,             0.00017412,             0.00017412,             0.00017412
                    166,                 1.2267,                 1.6045,                0.61381,                0.97255,                0.83813,                 0.8342,                0.89249,                0.53329,                0.83279,                0.81218,                0.87733,                0.47447,                 1.3836,                 1.9751,                0.69128,                 1.1099,             0.00016589,             0.00016589,             0.00016589
                    167,                  1.233,                 1.6137,                0.61354,                0.96816,                0.84251,                0.82427,                0.89133,                0.53216,                0.83614,                0.79757,                 0.8732,                0.47261,                 1.3683,                 1.9542,                0.69344,                 1.1025,             0.00015787,             0.00015787,             0.00015787
                    168,                 1.2289,                 1.5985,                0.60889,                0.96287,                0.83932,                0.83074,                0.89264,                0.53287,                0.83896,                0.79967,                0.87428,                0.46933,                 1.3766,                 1.9565,                0.69364,                 1.1034,             0.00015005,             0.00015005,             0.00015005
                    169,                 1.2408,                 1.6135,                0.61974,                0.96121,                  0.845,                0.82856,                0.89387,                 0.5343,                0.83593,                0.80807,                0.87585,                0.47515,                   1.37,                 1.9512,                0.69155,                 1.0993,             0.00014246,             0.00014246,             0.00014246
                    170,                 1.2177,                  1.587,                0.60847,                0.96011,                0.84172,                0.83204,                0.89387,                0.53416,                0.84322,                0.79771,                0.87557,                0.47118,                 1.3651,                 1.9635,                0.68484,                 1.0991,             0.00013507,             0.00013507,             0.00013507
                    171,                 1.2259,                 1.5882,                0.60904,                0.96085,                0.84518,                0.82858,                0.89335,                0.53275,                 0.8351,                0.80894,                0.87619,                0.46879,                  1.377,                 1.9629,                0.68475,                 1.1061,              0.0001279,              0.0001279,              0.0001279
                    172,                 1.2212,                 1.5845,                0.60746,                0.96255,                0.84322,                0.83256,                0.89418,                0.53509,                 0.8416,                0.80332,                 0.8755,                 0.4704,                 1.3681,                 1.9552,                0.67876,                 1.1039,             0.00012095,             0.00012095,             0.00012095
                    173,                 1.2164,                 1.5756,                0.60615,                0.94758,                0.84025,                0.83247,                0.89322,                0.53458,                0.84053,                 0.8003,                0.87501,                0.46914,                 1.3686,                 1.9523,                0.68892,                 1.1029,             0.00011422,             0.00011422,             0.00011422
                    174,                 1.2239,                 1.5895,                0.60517,                0.96368,                0.84061,                0.83344,                0.89339,                0.53309,                0.85007,                0.79443,                0.87559,                0.46893,                   1.37,                  1.958,                 0.6846,                 1.1069,             0.00010771,             0.00010771,             0.00010771
                    175,                 1.2117,                 1.5831,                 0.6033,                0.95712,                0.82891,                0.84585,                0.89429,                0.53482,                0.84295,                0.80072,                0.87685,                0.47161,                 1.3657,                 1.9618,                0.67771,                 1.1035,             0.00010142,             0.00010142,             0.00010142
                    176,                 1.2138,                 1.5845,                 0.6024,                0.96317,                0.83945,                0.83758,                0.89481,                0.53534,                  0.841,                0.80275,                0.87823,                0.47276,                 1.3651,                 1.9603,                0.68431,                 1.1022,             9.5359e-05,             9.5359e-05,             9.5359e-05
                    177,                 1.2081,                 1.5842,                0.60009,                0.96274,                0.85272,                0.82686,                0.89455,                0.53511,                0.84203,                0.80592,                0.87761,                0.47363,                 1.3667,                 1.9733,                0.68666,                 1.1018,             8.9521e-05,             8.9521e-05,             8.9521e-05
                    178,                 1.2041,                 1.5745,                0.60299,                0.95943,                0.84362,                0.83161,                0.89339,                0.53395,                0.84106,                0.80312,                0.87553,                0.47135,                 1.3683,                 1.9746,                0.68525,                 1.1044,              8.391e-05,              8.391e-05,              8.391e-05
                    179,                 1.2132,                 1.5843,                0.60756,                0.96258,                0.83882,                0.83365,                0.89254,                 0.5334,                0.84862,                0.79027,                0.87459,                0.46765,                 1.3677,                 1.9616,                0.68303,                 1.1039,             7.8528e-05,             7.8528e-05,             7.8528e-05
                    180,                 1.2261,                 1.5927,                0.60667,                0.96214,                0.84484,                0.82923,                0.89419,                0.53385,                0.83912,                 0.8044,                0.87649,                0.47003,                 1.3709,                 1.9586,                  0.679,                 1.1071,             7.3375e-05,             7.3375e-05,             7.3375e-05
                    181,                 1.2286,                 1.5888,                0.60923,                0.96376,                0.84212,                 0.8337,                 0.8938,                0.53433,                0.84952,                0.79901,                0.87752,                0.47186,                 1.3743,                  1.964,                0.67731,                 1.1106,             6.8454e-05,             6.8454e-05,             6.8454e-05
                    182,                 1.2067,                 1.5715,                0.60297,                0.96761,                0.84084,                0.83487,                 0.8944,                0.53389,                0.83815,                0.80945,                0.87772,                0.47129,                 1.3758,                 1.9548,                0.68244,                 1.1112,             6.3765e-05,             6.3765e-05,             6.3765e-05
                    183,                 1.2186,                 1.5862,                0.60433,                0.96237,                0.84063,                0.83744,                0.89464,                0.53482,                0.83015,                 0.8139,                0.87771,                0.46973,                 1.3773,                 1.9592,                0.67987,                 1.1108,             5.9309e-05,             5.9309e-05,             5.9309e-05
                    184,                 1.2235,                 1.6002,                0.60864,                0.96591,                0.83993,                0.83491,                0.89391,                0.53368,                0.85636,                0.79016,                0.87845,                0.47012,                 1.3736,                  1.968,                0.68102,                 1.1073,             5.5088e-05,             5.5088e-05,             5.5088e-05
                    185,                 1.2113,                 1.5906,                0.60476,                0.96157,                0.84218,                0.83441,                0.89471,                0.53445,                0.84777,                0.80192,                 0.8788,                0.47186,                 1.3753,                 1.9736,                0.68218,                 1.1102,             5.1103e-05,             5.1103e-05,             5.1103e-05
                    186,                 1.2104,                 1.5674,                 0.5999,                0.95576,                0.84455,                0.83275,                0.89432,                0.53434,                0.85147,                 0.7962,                0.87727,                0.47291,                 1.3673,                 1.9586,                0.67593,                 1.1052,             4.7354e-05,             4.7354e-05,             4.7354e-05
                    187,                 1.2086,                 1.5815,                 0.6036,                0.96278,                0.85022,                0.82841,                0.89498,                0.53325,                0.85385,                 0.7946,                0.87638,                0.47018,                 1.3666,                 1.9583,                0.68012,                 1.1042,             4.3842e-05,             4.3842e-05,             4.3842e-05
                    188,                  1.225,                 1.5904,                0.60755,                0.96509,                0.84053,                0.83592,                0.89463,                 0.5349,                0.84892,                0.80052,                0.87856,                 0.4733,                 1.3643,                 1.9532,                0.67804,                 1.1031,             4.0569e-05,             4.0569e-05,             4.0569e-05
                    189,                 1.2177,                 1.5835,                0.60561,                0.96356,                0.84827,                0.82919,                0.89364,                0.53555,                0.84882,                0.80001,                0.87724,                0.47284,                 1.3632,                  1.951,                0.68176,                 1.1027,             3.7536e-05,             3.7536e-05,             3.7536e-05
                    190,                 1.2201,                 1.5868,                0.60894,                0.97086,                 0.8443,                 0.8342,                0.89412,                0.53461,                0.83721,                0.81045,                0.87767,                0.47595,                 1.3611,                 1.9567,                0.68193,                 1.1025,             3.4742e-05,             3.4742e-05,             3.4742e-05
                    191,                 1.2189,                  1.597,                0.61376,                0.98285,                0.84609,                0.82959,                0.89198,                0.53175,                 0.8463,                0.80635,                0.87818,                0.47266,                 1.3726,                  1.968,                0.68842,                  1.105,             3.2189e-05,             3.2189e-05,             3.2189e-05
                    192,                 1.1972,                 1.5535,                0.59268,                0.97338,                0.85263,                 0.8247,                 0.8931,                 0.5321,                0.85522,                0.79322,                0.87563,                0.47351,                 1.3741,                 1.9752,                0.69657,                 1.1052,             2.9877e-05,             2.9877e-05,             2.9877e-05
                    193,                 1.1876,                 1.5373,                0.58032,                0.96836,                0.84489,                0.83256,                0.89532,                0.53376,                0.85262,                0.79807,                0.87897,                0.47305,                 1.3733,                 1.9725,                0.69971,                 1.1055,             2.7806e-05,             2.7806e-05,             2.7806e-05
                    194,                 1.1937,                 1.5352,                0.58198,                0.98056,                 0.8424,                0.83085,                0.89335,                0.53313,                0.84828,                0.79879,                0.87803,                0.47429,                 1.3737,                 1.9761,                0.69627,                 1.1075,             2.5979e-05,             2.5979e-05,             2.5979e-05
                    195,                 1.1827,                 1.5431,                0.57823,                 0.9772,                0.84491,                0.82858,                0.89476,                0.53327,                0.85536,                0.79318,                0.87577,                0.47309,                  1.374,                  1.972,                0.69561,                 1.1066,             2.4394e-05,             2.4394e-05,             2.4394e-05
                    196,                 1.1801,                 1.5254,                0.57906,                0.97481,                0.84226,                0.83462,                 0.8951,                0.53402,                0.84174,                0.80836,                0.87789,                0.47157,                 1.3702,                 1.9715,                0.69201,                  1.105,             2.3052e-05,             2.3052e-05,             2.3052e-05
                    197,                 1.1799,                  1.529,                0.57594,                0.96677,                0.83958,                0.83679,                0.89437,                0.53387,                0.84275,                0.80678,                0.87843,                0.47318,                 1.3715,                 1.9706,                0.69082,                 1.1046,             2.1954e-05,             2.1954e-05,             2.1954e-05
                    198,                 1.1777,                 1.5314,                0.57507,                 0.9675,                0.84261,                0.83332,                0.89431,                0.53444,                0.84772,                 0.8028,                0.87912,                0.47217,                  1.371,                 1.9759,                0.68931,                 1.1051,             2.1099e-05,             2.1099e-05,             2.1099e-05
                    199,                 1.1824,                 1.5322,                0.57815,                0.97103,                0.85068,                0.82771,                0.89482,                0.53563,                0.84193,                0.80496,                0.87941,                0.47477,                 1.3705,                 1.9736,                0.69049,                 1.1058,             2.0489e-05,             2.0489e-05,             2.0489e-05
                    200,                 1.1767,                 1.5253,                0.57314,                0.97365,                0.84108,                 0.8364,                0.89489,                 0.5342,                0.84283,                0.80656,                0.87822,                0.47242,                 1.3705,                 1.9708,                0.69136,                 1.1062,             2.0122e-05,             2.0122e-05,             2.0122e-05
